{"body":[[{"weights": [0.8715617014943798, 0.8421103415589365, -0.0018121638755428187], "output": 0.9999349919339816, "delta": 8.535201326506476e-08}, {"weights": [-1.7021158124387235, 2.0456873662482784, 1.54441550647268], "output": 0.012899222196390997, "delta": -6.035094596763093e-05}, {"weights": [2.4083796600340097, -3.3868520208990414, -1.1882406605970994], "output": 0.9955415354250226, "delta": 4.466138894645667e-05}],[{"weights": [-1.1981122377374704, 3.6363276391842994, -5.899586853901058, -1.2508576290618085], "output": 0.02704793596050124, "delta": -0.000711802817541249}, {"weights": [0.654878821715334, -3.0581597920621064, 8.334296058561673, 0.9623198707733448], "output": 0.9731123702401314, "delta": 0.0007035063664451047}]]}